product_name,reviewer_first_name,reviewer_last_name,reviewer_email,rating,comment,created_at_utc
Twinkle Night Gift Box,Sofia,Patel,sofia.patel57@boxedwithlove.test,5,Ordered the Twinkle Night Gift Box for a cozy night in. The basket/box itself is sturdy and reusable. Everything looked even better in person. Would definitely order again.,2025-11-14T10:18:40Z
Twinkle Night Gift Box,Addison,Singh,addison.singh43@boxedwithlove.test,5,Ordered the Twinkle Night Gift Box for a cozy night in. The overall curation feels intentional and premium. Perfect as a last-minute gift—got lots of compliments.,2025-07-16T08:06:40Z
Twinkle Night Gift Box,Emma,Martin,emma.martin23@boxedwithlove.test,4,Got the Twinkle Night Gift Box for a housewarming gift. The overall curation feels intentional and premium. The presentation is gorgeous—super giftable without re-wrapping.,2026-01-15T23:12:40Z
Twinkle Night Gift Box,Owen,Baker,owen.baker2@boxedwithlove.test,5,"Bought the Twinkle Night Gift Box for a friend’s birthday. Loved the textures and little details (ribbons, fillers, etc.). Everything looked even better in person.",2025-12-17T16:23:40Z
Twinkle Night Gift Box,Ethan,Green,ethan.green30@boxedwithlove.test,5,"Picked the Twinkle Night Gift Box for Valentine’s week. Loved the textures and little details (ribbons, fillers, etc.). Great value for the price—felt thoughtfully curated.",2025-08-30T08:44:40Z
Twinkle Night Gift Box,Daniel,Baker,daniel.baker58@boxedwithlove.test,4,"Got the Twinkle Night Gift Box for a housewarming gift. Loved the textures and little details (ribbons, fillers, etc.). Packaging was pristine and felt premium.",2025-08-07T03:32:40Z
Twinkle Night Gift Box,Liam,Wright,liam.wright11@boxedwithlove.test,4,Got the Twinkle Night Gift Box for a housewarming gift. The overall curation feels intentional and premium. Fast delivery and zero issues at checkout. Would definitely order again.,2025-09-13T13:20:40Z
Twinkle Night Gift Box,Miles,Young,miles.young40@boxedwithlove.test,5,Sent the Twinkle Night Gift Box as a thank-you gift. The basket/box itself is sturdy and reusable. Fast delivery and zero issues at checkout. Would definitely order again.,2026-01-28T00:47:40Z
Crimson Ribbon Gift Box,Carter,Anderson,carter.anderson35@boxedwithlove.test,4,"Sent the Crimson Ribbon Gift Box as a thank-you gift. Loved the textures and little details (ribbons, fillers, etc.). Fast delivery and zero issues at checkout.",2025-11-26T06:00:40Z
Crimson Ribbon Gift Box,Aurora,Williams,aurora.williams7@boxedwithlove.test,5,Got the Crimson Ribbon Gift Box for a housewarming gift. The basket/box itself is sturdy and reusable. Fast delivery and zero issues at checkout.,2026-01-17T21:36:40Z
Crimson Ribbon Gift Box,Theo,Phillips,theo.phillips24@boxedwithlove.test,5,Tried the Crimson Ribbon Gift Box as a self-care treat. The overall curation feels intentional and premium. Fast delivery and zero issues at checkout. Would definitely order again. Five stars.,2025-10-10T14:14:40Z
Crimson Ribbon Gift Box,Miles,Young,miles.young40@boxedwithlove.test,4,Ordered the Crimson Ribbon Gift Box for a cozy night in. The basket/box itself is sturdy and reusable. Perfect as a last-minute gift—got lots of compliments.,2025-07-16T22:39:40Z
Crimson Ribbon Gift Box,Owen,Baker,owen.baker2@boxedwithlove.test,4,"Sent the Crimson Ribbon Gift Box as a thank-you gift. Loved the textures and little details (ribbons, fillers, etc.). Great value for the price—felt thoughtfully curated. Would definitely order again.",2025-12-27T07:49:40Z
Crimson Ribbon Gift Box,Hudson,Scott,hudson.scott5@boxedwithlove.test,4,Sent the Crimson Ribbon Gift Box as a thank-you gift. The overall curation feels intentional and premium. The presentation is gorgeous—super giftable without re-wrapping.,2025-08-05T18:32:40Z
Sage Garden Gift Box,Finn,Scott,finn.scott53@boxedwithlove.test,5,Bought the Sage Garden Gift Box for a friend’s birthday. The overall curation feels intentional and premium. The presentation is gorgeous—super giftable without re-wrapping.,2025-10-25T17:11:40Z
Sage Garden Gift Box,James,Scott,james.scott26@boxedwithlove.test,4,Tried the Sage Garden Gift Box as a self-care treat. The overall curation feels intentional and premium. Fast delivery and zero issues at checkout.,2025-11-21T23:09:40Z
Sage Garden Gift Box,Mia,Adams,mia.adams48@boxedwithlove.test,5,Ordered the Sage Garden Gift Box for a cozy night in. The overall curation feels intentional and premium. Everything looked even better in person. Would definitely order again.,2025-07-07T05:30:40Z
Sage Garden Gift Box,Layla,Green,layla.green52@boxedwithlove.test,5,"Tried the Sage Garden Gift Box as a self-care treat. Loved the textures and little details (ribbons, fillers, etc.). Great value for the price—felt thoughtfully curated. Would definitely order again.",2025-07-05T12:33:40Z
Sage Garden Gift Box,James,Patel,james.patel15@boxedwithlove.test,4,Sent the Sage Garden Gift Box as a thank-you gift. The basket/box itself is sturdy and reusable. Fast delivery and zero issues at checkout.,2025-09-13T15:18:40Z
Sage Garden Gift Box,Emma,Nguyen,emma.nguyen13@boxedwithlove.test,4,"Got the Sage Garden Gift Box for a housewarming gift. Loved the textures and little details (ribbons, fillers, etc.). Fast delivery and zero issues at checkout.",2026-02-01T02:13:40Z
Velvet Bloom Gift Box,Mason,Walker,mason.walker9@boxedwithlove.test,4,"Got the Velvet Bloom Gift Box for a housewarming gift. Loved the textures and little details (ribbons, fillers, etc.). Perfect as a last-minute gift—got lots of compliments.",2025-11-25T20:48:40Z
Velvet Bloom Gift Box,Owen,Baker,owen.baker2@boxedwithlove.test,5,Tried the Velvet Bloom Gift Box as a self-care treat. The basket/box itself is sturdy and reusable. Packaging was pristine and felt premium.,2025-06-28T20:56:40Z
Velvet Bloom Gift Box,Sofia,Garcia,sofia.garcia10@boxedwithlove.test,3,"Ordered the Velvet Bloom Gift Box for a cozy night in. The basket/box itself is sturdy and reusable. Everything looked even better in person. Loved it overall, but I wish the description had a bit more detail.",2025-12-30T15:51:40Z
Velvet Bloom Gift Box,Jack,Singh,jack.singh38@boxedwithlove.test,5,"Ordered the Velvet Bloom Gift Box for a cozy night in. Loved the textures and little details (ribbons, fillers, etc.). Great value for the price—felt thoughtfully curated.",2026-02-07T02:01:40Z
Velvet Bloom Gift Box,Ethan,Green,ethan.green30@boxedwithlove.test,4,"Picked the Velvet Bloom Gift Box for Valentine’s week. Loved the textures and little details (ribbons, fillers, etc.). Perfect as a last-minute gift—got lots of compliments.",2025-07-03T09:15:40Z
Velvet Bloom Gift Box,Layla,Green,layla.green52@boxedwithlove.test,5,"Bought the Velvet Bloom Gift Box for a friend’s birthday. Loved the textures and little details (ribbons, fillers, etc.). Perfect as a last-minute gift—got lots of compliments.",2025-09-21T00:34:40Z
Gourmet Charcuterie Basket,Mason,Patel,mason.patel12@boxedwithlove.test,4,Picked the Gourmet Charcuterie Basket for Valentine’s week. The overall curation feels intentional and premium. The presentation is gorgeous—super giftable without re-wrapping.,2025-10-22T21:27:40Z
Gourmet Charcuterie Basket,Sofia,Garcia,sofia.garcia10@boxedwithlove.test,4,Ordered the Gourmet Charcuterie Basket for a cozy night in. The basket/box itself is sturdy and reusable. Everything looked even better in person. Would definitely order again.,2026-01-28T08:55:40Z
Gourmet Charcuterie Basket,Henry,Young,henry.young31@boxedwithlove.test,4,Ordered the Gourmet Charcuterie Basket for a cozy night in. The basket/box itself is sturdy and reusable. Fast delivery and zero issues at checkout.,2025-10-16T05:51:40Z
Gourmet Charcuterie Basket,Miles,Young,miles.young40@boxedwithlove.test,5,Picked the Gourmet Charcuterie Basket for Valentine’s week. The overall curation feels intentional and premium. Fast delivery and zero issues at checkout.,2025-12-21T02:50:40Z
Gourmet Charcuterie Basket,Finn,Walker,finn.walker47@boxedwithlove.test,4,Sent the Gourmet Charcuterie Basket as a thank-you gift. The overall curation feels intentional and premium. Perfect as a last-minute gift—got lots of compliments.,2026-01-18T12:16:40Z
Gourmet Charcuterie Basket,Mia,Singh,mia.singh8@boxedwithlove.test,5,Tried the Gourmet Charcuterie Basket as a self-care treat. The overall curation feels intentional and premium. Packaging was pristine and felt premium. Would definitely order again. Five stars.,2025-09-04T15:33:40Z
Coffee & Treats Gift Tray,Daniel,Baker,daniel.baker58@boxedwithlove.test,4,Sent the Coffee & Treats Gift Tray as a thank-you gift. The basket/box itself is sturdy and reusable. Great value for the price—felt thoughtfully curated.,2025-12-28T02:17:40Z
Coffee & Treats Gift Tray,Theo,Scott,theo.scott50@boxedwithlove.test,5,Tried the Coffee & Treats Gift Tray as a self-care treat. The overall curation feels intentional and premium. Everything looked even better in person. Five stars.,2025-11-04T08:58:40Z
Coffee & Treats Gift Tray,Sofia,Garcia,sofia.garcia10@boxedwithlove.test,5,Ordered the Coffee & Treats Gift Tray for a cozy night in. The basket/box itself is sturdy and reusable. Great value for the price—felt thoughtfully curated. Would definitely order again.,2025-11-28T07:54:40Z
Coffee & Treats Gift Tray,Julian,Brown,julian.brown46@boxedwithlove.test,5,Ordered the Coffee & Treats Gift Tray for a cozy night in. The basket/box itself is sturdy and reusable. Fast delivery and zero issues at checkout.,2026-02-06T21:25:40Z
Coffee & Treats Gift Tray,Luna,Martin,luna.martin42@boxedwithlove.test,4,Ordered the Coffee & Treats Gift Tray for a cozy night in. The basket/box itself is sturdy and reusable. Packaging was pristine and felt premium. Would definitely order again.,2025-07-06T20:06:40Z
Spa & Sweets Wooden Crate,Finn,Scott,finn.scott53@boxedwithlove.test,5,"Picked the Spa & Sweets Wooden Crate for Valentine’s week. Loved the textures and little details (ribbons, fillers, etc.). Perfect as a last-minute gift—got lots of compliments.",2025-12-13T23:32:40Z
Spa & Sweets Wooden Crate,Chloe,Wright,chloe.wright28@boxedwithlove.test,4,Ordered the Spa & Sweets Wooden Crate for a cozy night in. The overall curation feels intentional and premium. Packaging was pristine and felt premium.,2025-09-13T22:32:40Z
Spa & Sweets Wooden Crate,Liam,Kim,liam.kim55@boxedwithlove.test,5,"Bought the Spa & Sweets Wooden Crate for a friend’s birthday. Loved the textures and little details (ribbons, fillers, etc.). Everything looked even better in person. Would definitely order again. Five stars.",2026-02-20T14:48:40Z
Spa & Sweets Wooden Crate,Lucas,Allen,lucas.allen44@boxedwithlove.test,5,Sent the Spa & Sweets Wooden Crate as a thank-you gift. The overall curation feels intentional and premium. Perfect as a last-minute gift—got lots of compliments. Would definitely order again.,2026-01-25T20:07:40Z
Spa & Sweets Wooden Crate,Luna,Martin,luna.martin60@boxedwithlove.test,5,Tried the Spa & Sweets Wooden Crate as a self-care treat. The basket/box itself is sturdy and reusable. Great value for the price—felt thoughtfully curated. Would definitely order again.,2025-12-10T10:51:40Z
Spa & Sweets Wooden Crate,Owen,Patel,owen.patel17@boxedwithlove.test,4,Bought the Spa & Sweets Wooden Crate for a friend’s birthday. The overall curation feels intentional and premium. Great value for the price—felt thoughtfully curated.,2026-02-14T01:22:40Z
Linen & Light Reading Basket,Aria,Hall,aria.hall33@boxedwithlove.test,4,Got the Linen & Light Reading Basket for a housewarming gift. The overall curation feels intentional and premium. The presentation is gorgeous—super giftable without re-wrapping.,2025-07-10T12:51:40Z
Linen & Light Reading Basket,Henry,Young,henry.young31@boxedwithlove.test,5,Ordered the Linen & Light Reading Basket for a cozy night in. The basket/box itself is sturdy and reusable. Everything looked even better in person. Would definitely order again.,2025-08-20T05:15:40Z
Linen & Light Reading Basket,Emma,Scott,emma.scott16@boxedwithlove.test,5,Sent the Linen & Light Reading Basket as a thank-you gift. The overall curation feels intentional and premium. Packaging was pristine and felt premium. Would definitely order again.,2025-07-12T16:56:40Z
Linen & Light Reading Basket,Sofia,Scott,sofia.scott29@boxedwithlove.test,5,Got the Linen & Light Reading Basket for a housewarming gift. The basket/box itself is sturdy and reusable. The presentation is gorgeous—super giftable without re-wrapping.,2025-12-12T06:08:40Z
Linen & Light Reading Basket,Aurora,Williams,aurora.williams7@boxedwithlove.test,4,Sent the Linen & Light Reading Basket as a thank-you gift. The basket/box itself is sturdy and reusable. Fast delivery and zero issues at checkout. Would definitely order again.,2025-11-01T01:07:40Z
Linen & Light Reading Basket,Addison,Singh,addison.singh43@boxedwithlove.test,5,Ordered the Linen & Light Reading Basket for a cozy night in. The overall curation feels intentional and premium. Perfect as a last-minute gift—got lots of compliments. Would definitely order again.,2025-12-05T19:01:40Z
Wildflower Honey Jar,Aria,Brown,aria.brown1@boxedwithlove.test,5,Picked the Wildflower Honey Jar for Valentine’s week. Everything tasted fresh and high quality. Everything looked even better in person. Five stars.,2025-07-28T23:14:40Z
Wildflower Honey Jar,Hazel,Nguyen,hazel.nguyen22@boxedwithlove.test,5,Bought the Wildflower Honey Jar for a friend’s birthday. Everything tasted fresh and high quality. Fast delivery and zero issues at checkout. Would definitely order again.,2026-02-01T06:50:40Z
Wildflower Honey Jar,Benjamin,Nguyen,benjamin.nguyen25@boxedwithlove.test,4,Tried the Wildflower Honey Jar as a self-care treat. Everything tasted fresh and high quality. The presentation is gorgeous—super giftable without re-wrapping.,2025-09-23T12:35:40Z
Wildflower Honey Jar,Ethan,Parker,ethan.parker6@boxedwithlove.test,5,Ordered the Wildflower Honey Jar for a cozy night in. The mix of sweet and savory was balanced. Everything looked even better in person.,2026-02-11T02:26:40Z
Wildflower Honey Jar,Henry,Young,henry.young31@boxedwithlove.test,5,Tried the Wildflower Honey Jar as a self-care treat. The mix of sweet and savory was balanced. The presentation is gorgeous—super giftable without re-wrapping. Five stars.,2025-10-11T08:47:40Z
Wildflower Honey Jar,Ella,Patel,ella.patel18@boxedwithlove.test,4,Picked the Wildflower Honey Jar for Valentine’s week. Everything tasted fresh and high quality. The presentation is gorgeous—super giftable without re-wrapping.,2025-08-24T03:39:40Z
Artisan Snack Selection,Ethan,Parker,ethan.parker6@boxedwithlove.test,3,Bought the Artisan Snack Selection for a friend’s birthday. The mix of sweet and savory was balanced. Fast delivery and zero issues at checkout. Great concept; would love more customization options in the future.,2025-09-16T00:43:40Z
Artisan Snack Selection,Owen,Baker,owen.baker2@boxedwithlove.test,5,Ordered the Artisan Snack Selection for a cozy night in. Everything tasted fresh and high quality. Fast delivery and zero issues at checkout. Would definitely order again.,2025-08-15T08:26:40Z
Artisan Snack Selection,Ethan,Singh,ethan.singh3@boxedwithlove.test,5,Bought the Artisan Snack Selection for a friend’s birthday. Portions were generous—perfect for sharing. Perfect as a last-minute gift—got lots of compliments.,2025-07-30T22:29:40Z
Artisan Snack Selection,Mason,Walker,mason.walker9@boxedwithlove.test,5,Sent the Artisan Snack Selection as a thank-you gift. Portions were generous—perfect for sharing. Everything looked even better in person.,2025-10-19T13:19:40Z
Artisan Snack Selection,Julian,Cruz,julian.cruz41@boxedwithlove.test,5,Bought the Artisan Snack Selection for a friend’s birthday. Portions were generous—perfect for sharing. Great value for the price—felt thoughtfully curated.,2026-02-03T06:14:40Z
Artisan Snack Selection,Theo,Phillips,theo.phillips24@boxedwithlove.test,5,Tried the Artisan Snack Selection as a self-care treat. Portions were generous—perfect for sharing. The presentation is gorgeous—super giftable without re-wrapping. Would definitely order again.,2026-02-19T10:20:40Z
Assorted Macaron Box,Ella,Patel,ella.patel18@boxedwithlove.test,4,Got the Assorted Macaron Box for a housewarming gift. The mix of sweet and savory was balanced. Fast delivery and zero issues at checkout.,2026-01-23T08:11:40Z
Assorted Macaron Box,Lucas,Allen,lucas.allen44@boxedwithlove.test,5,Bought the Assorted Macaron Box for a friend’s birthday. Everything tasted fresh and high quality. Fast delivery and zero issues at checkout. Would definitely order again. Five stars.,2025-10-16T11:06:40Z
Assorted Macaron Box,Aurora,Williams,aurora.williams7@boxedwithlove.test,5,Picked the Assorted Macaron Box for Valentine’s week. Everything tasted fresh and high quality. Packaging was pristine and felt premium. Would definitely order again.,2025-12-17T14:15:40Z
Assorted Macaron Box,Hannah,Johnson,hannah.johnson45@boxedwithlove.test,4,Ordered the Assorted Macaron Box for a cozy night in. Portions were generous—perfect for sharing. Perfect as a last-minute gift—got lots of compliments.,2025-08-26T14:09:40Z
Assorted Macaron Box,Ella,Baker,ella.baker14@boxedwithlove.test,5,Bought the Assorted Macaron Box for a friend’s birthday. The mix of sweet and savory was balanced. Fast delivery and zero issues at checkout. Would definitely order again.,2025-09-01T10:58:40Z
Assorted Macaron Box,Emma,Adams,emma.adams59@boxedwithlove.test,5,Ordered the Assorted Macaron Box for a cozy night in. Everything tasted fresh and high quality. Fast delivery and zero issues at checkout. Would definitely order again. Five stars.,2025-12-01T01:03:40Z
Assorted Macaron Box,Hazel,Walker,hazel.walker32@boxedwithlove.test,4,Sent the Assorted Macaron Box as a thank-you gift. The mix of sweet and savory was balanced. Packaging was pristine and felt premium.,2025-07-07T02:05:40Z
Assorted Macaron Box,Theo,Campbell,theo.campbell19@boxedwithlove.test,5,Got the Assorted Macaron Box for a housewarming gift. Everything tasted fresh and high quality. Fast delivery and zero issues at checkout.,2025-11-22T11:35:40Z
Luxury Chocolate Gift Box,Liam,Kim,liam.kim55@boxedwithlove.test,5,Ordered the Luxury Chocolate Gift Box for a cozy night in. Everything tasted fresh and high quality. Everything looked even better in person.,2025-08-09T13:33:40Z
Luxury Chocolate Gift Box,Hazel,Nguyen,hazel.nguyen4@boxedwithlove.test,3,"Picked the Luxury Chocolate Gift Box for Valentine’s week. Everything tasted fresh and high quality. The presentation is gorgeous—super giftable without re-wrapping. Beautiful set—one item was smaller than expected, but still worth it.",2025-10-05T18:37:40Z
Luxury Chocolate Gift Box,Ella,Patel,ella.patel18@boxedwithlove.test,5,Got the Luxury Chocolate Gift Box for a housewarming gift. Portions were generous—perfect for sharing. Fast delivery and zero issues at checkout. Five stars.,2025-07-15T15:52:40Z
Luxury Chocolate Gift Box,Aurora,Williams,aurora.williams7@boxedwithlove.test,5,Sent the Luxury Chocolate Gift Box as a thank-you gift. Portions were generous—perfect for sharing. Everything looked even better in person.,2025-12-08T16:36:40Z
Luxury Chocolate Gift Box,Emma,Adams,emma.adams59@boxedwithlove.test,4,Got the Luxury Chocolate Gift Box for a housewarming gift. Portions were generous—perfect for sharing. Great value for the price—felt thoughtfully curated.,2025-12-07T09:48:40Z
Luxury Chocolate Gift Box,Carter,Singh,carter.singh54@boxedwithlove.test,4,Tried the Luxury Chocolate Gift Box as a self-care treat. Everything tasted fresh and high quality. Everything looked even better in person. Would definitely order again.,2025-12-31T08:26:40Z
Luxury Chocolate Gift Box,Addison,Singh,addison.singh43@boxedwithlove.test,4,Got the Luxury Chocolate Gift Box for a housewarming gift. Portions were generous—perfect for sharing. Everything looked even better in person.,2025-08-12T10:56:40Z
Sea-Salt Caramel Popcorn,Daniel,Garcia,daniel.garcia36@boxedwithlove.test,4,Ordered the Sea-Salt Caramel Popcorn for a cozy night in. The mix of sweet and savory was balanced. Everything looked even better in person. Would definitely order again.,2025-09-30T18:27:40Z
Sea-Salt Caramel Popcorn,Emma,Nguyen,emma.nguyen13@boxedwithlove.test,5,Got the Sea-Salt Caramel Popcorn for a housewarming gift. The mix of sweet and savory was balanced. Fast delivery and zero issues at checkout.,2025-12-15T14:35:40Z
Sea-Salt Caramel Popcorn,Emma,Scott,emma.scott16@boxedwithlove.test,5,Ordered the Sea-Salt Caramel Popcorn for a cozy night in. The mix of sweet and savory was balanced. Perfect as a last-minute gift—got lots of compliments. Would definitely order again.,2025-09-14T19:18:40Z
Sea-Salt Caramel Popcorn,Ethan,Parker,ethan.parker6@boxedwithlove.test,5,Got the Sea-Salt Caramel Popcorn for a housewarming gift. Everything tasted fresh and high quality. Fast delivery and zero issues at checkout.,2025-12-06T01:15:40Z
Sea-Salt Caramel Popcorn,Mason,Patel,mason.patel12@boxedwithlove.test,5,Picked the Sea-Salt Caramel Popcorn for Valentine’s week. Portions were generous—perfect for sharing. Fast delivery and zero issues at checkout. Five stars.,2025-06-29T08:29:40Z
Sea-Salt Caramel Popcorn,Hazel,Nguyen,hazel.nguyen22@boxedwithlove.test,5,Bought the Sea-Salt Caramel Popcorn for a friend’s birthday. The mix of sweet and savory was balanced. Everything looked even better in person. Would definitely order again. Five stars.,2025-09-01T21:31:40Z
Spiced Nuts & Fruit Mix,Ethan,Parker,ethan.parker6@boxedwithlove.test,4,Tried the Spiced Nuts & Fruit Mix as a self-care treat. Everything tasted fresh and high quality. The presentation is gorgeous—super giftable without re-wrapping. Would definitely order again.,2026-01-21T05:07:40Z
Spiced Nuts & Fruit Mix,Daniel,Garcia,daniel.garcia36@boxedwithlove.test,5,Bought the Spiced Nuts & Fruit Mix for a friend’s birthday. The mix of sweet and savory was balanced. The presentation is gorgeous—super giftable without re-wrapping. Would definitely order again.,2025-09-26T18:59:40Z
Spiced Nuts & Fruit Mix,Theo,Scott,theo.scott50@boxedwithlove.test,5,Bought the Spiced Nuts & Fruit Mix for a friend’s birthday. Portions were generous—perfect for sharing. Packaging was pristine and felt premium.,2025-12-13T14:42:40Z
Spiced Nuts & Fruit Mix,Ethan,Singh,ethan.singh3@boxedwithlove.test,4,Picked the Spiced Nuts & Fruit Mix for Valentine’s week. Everything tasted fresh and high quality. Fast delivery and zero issues at checkout. Would definitely order again.,2025-12-22T00:57:40Z
Spiced Nuts & Fruit Mix,Aria,Brown,aria.brown1@boxedwithlove.test,4,Bought the Spiced Nuts & Fruit Mix for a friend’s birthday. The mix of sweet and savory was balanced. Packaging was pristine and felt premium. Would definitely order again.,2025-07-11T03:42:40Z
Spiced Nuts & Fruit Mix,Aria,Lopez,aria.lopez51@boxedwithlove.test,5,Tried the Spiced Nuts & Fruit Mix as a self-care treat. The mix of sweet and savory was balanced. Everything looked even better in person.,2025-10-19T23:39:40Z
Spiced Nuts & Fruit Mix,Mason,Walker,mason.walker9@boxedwithlove.test,5,Tried the Spiced Nuts & Fruit Mix as a self-care treat. The mix of sweet and savory was balanced. Great value for the price—felt thoughtfully curated. Would definitely order again. Five stars.,2025-12-10T01:29:40Z
Spiced Nuts & Fruit Mix,James,Patel,james.patel15@boxedwithlove.test,5,Sent the Spiced Nuts & Fruit Mix as a thank-you gift. Everything tasted fresh and high quality. Fast delivery and zero issues at checkout. Would definitely order again.,2025-12-25T11:09:40Z
Violet & Eucalyptus Bouquet,Sofia,Roberts,sofia.roberts49@boxedwithlove.test,5,Got the Violet & Eucalyptus Bouquet for a housewarming gift. The arrangement arrived intact and looked stunning. Fast delivery and zero issues at checkout. Five stars.,2025-09-23T20:24:40Z
Violet & Eucalyptus Bouquet,Sofia,Patel,sofia.patel57@boxedwithlove.test,5,Picked the Violet & Eucalyptus Bouquet for Valentine’s week. The arrangement arrived intact and looked stunning. Packaging was pristine and felt premium. Would definitely order again. Five stars.,2026-02-07T19:58:40Z
Violet & Eucalyptus Bouquet,Theo,Campbell,theo.campbell19@boxedwithlove.test,5,Tried the Violet & Eucalyptus Bouquet as a self-care treat. Made the room feel instantly warmer. Great value for the price—felt thoughtfully curated. Would definitely order again. Five stars.,2026-01-11T15:11:40Z
Violet & Eucalyptus Bouquet,Aurora,Williams,aurora.williams7@boxedwithlove.test,5,Got the Violet & Eucalyptus Bouquet for a housewarming gift. Made the room feel instantly warmer. The presentation is gorgeous—super giftable without re-wrapping. Would definitely order again.,2025-11-18T14:02:40Z
Violet & Eucalyptus Bouquet,Miles,Young,miles.young40@boxedwithlove.test,5,Bought the Violet & Eucalyptus Bouquet for a friend’s birthday. The arrangement arrived intact and looked stunning. Packaging was pristine and felt premium. Would definitely order again.,2025-07-11T21:48:40Z
Violet & Eucalyptus Bouquet,Hazel,Walker,hazel.walker32@boxedwithlove.test,3,"Ordered the Violet & Eucalyptus Bouquet for a cozy night in. The arrangement arrived intact and looked stunning. Fast delivery and zero issues at checkout. Beautiful set—one item was smaller than expected, but still worth it.",2025-07-27T12:18:40Z
Violet & Eucalyptus Bouquet,Scarlett,Nelson,scarlett.nelson56@boxedwithlove.test,5,Ordered the Violet & Eucalyptus Bouquet for a cozy night in. Fresh blooms and great color palette. Everything looked even better in person.,2025-12-02T13:36:40Z
Blush Garden Bouquet,Owen,Baker,owen.baker2@boxedwithlove.test,5,Bought the Blush Garden Bouquet for a friend’s birthday. The arrangement arrived intact and looked stunning. Fast delivery and zero issues at checkout. Five stars.,2026-01-04T02:19:40Z
Blush Garden Bouquet,Julian,Cruz,julian.cruz41@boxedwithlove.test,4,Ordered the Blush Garden Bouquet for a cozy night in. Fresh blooms and great color palette. Great value for the price—felt thoughtfully curated. Would definitely order again.,2025-09-19T00:07:40Z
Blush Garden Bouquet,Grace,Anderson,grace.anderson27@boxedwithlove.test,4,Ordered the Blush Garden Bouquet for a cozy night in. Made the room feel instantly warmer. Great value for the price—felt thoughtfully curated. Would definitely order again.,2025-08-22T05:25:40Z
Blush Garden Bouquet,Emma,Scott,emma.scott16@boxedwithlove.test,4,Sent the Blush Garden Bouquet as a thank-you gift. The arrangement arrived intact and looked stunning. Packaging was pristine and felt premium. Would definitely order again.,2025-08-23T10:34:40Z
Blush Garden Bouquet,Layla,Green,layla.green52@boxedwithlove.test,5,Got the Blush Garden Bouquet for a housewarming gift. Fresh blooms and great color palette. Fast delivery and zero issues at checkout. Would definitely order again.,2026-02-20T02:04:40Z
Blush Garden Bouquet,Emma,Adams,emma.adams59@boxedwithlove.test,4,Sent the Blush Garden Bouquet as a thank-you gift. The arrangement arrived intact and looked stunning. Perfect as a last-minute gift—got lots of compliments. Would definitely order again.,2025-12-03T11:00:40Z
Blush Garden Bouquet,Theo,Scott,theo.scott50@boxedwithlove.test,4,Picked the Blush Garden Bouquet for Valentine’s week. Made the room feel instantly warmer. Packaging was pristine and felt premium. Would definitely order again.,2025-08-14T20:08:40Z
Blush Garden Bouquet,James,Scott,james.scott26@boxedwithlove.test,5,Got the Blush Garden Bouquet for a housewarming gift. Made the room feel instantly warmer. Packaging was pristine and felt premium.,2025-11-05T22:19:40Z
Classic Rose Bouquet,Miles,Young,miles.young40@boxedwithlove.test,3,"Got the Classic Rose Bouquet for a housewarming gift. The arrangement arrived intact and looked stunning. Everything looked even better in person. Loved it overall, but I wish the description had a bit more detail.",2025-10-28T05:26:40Z
Classic Rose Bouquet,Ethan,Parker,ethan.parker6@boxedwithlove.test,4,Tried the Classic Rose Bouquet as a self-care treat. Made the room feel instantly warmer. Perfect as a last-minute gift—got lots of compliments.,2025-08-07T16:05:40Z
Classic Rose Bouquet,Ella,Baker,ella.baker14@boxedwithlove.test,5,Ordered the Classic Rose Bouquet for a cozy night in. Fresh blooms and great color palette. Great value for the price—felt thoughtfully curated. Five stars.,2025-12-21T20:08:40Z
Classic Rose Bouquet,Aurora,Williams,aurora.williams7@boxedwithlove.test,5,Sent the Classic Rose Bouquet as a thank-you gift. Fresh blooms and great color palette. Perfect as a last-minute gift—got lots of compliments. Would definitely order again.,2025-12-22T08:50:40Z
Classic Rose Bouquet,Grace,Anderson,grace.anderson27@boxedwithlove.test,5,Got the Classic Rose Bouquet for a housewarming gift. The arrangement arrived intact and looked stunning. The presentation is gorgeous—super giftable without re-wrapping. Five stars.,2025-10-24T17:30:40Z
Classic Rose Bouquet,Hazel,Walker,hazel.walker32@boxedwithlove.test,5,Ordered the Classic Rose Bouquet for a cozy night in. Fresh blooms and great color palette. Packaging was pristine and felt premium. Would definitely order again. Five stars.,2025-09-22T07:11:40Z
Classic Rose Bouquet,Julian,Brown,julian.brown46@boxedwithlove.test,3,"Got the Classic Rose Bouquet for a housewarming gift. Fresh blooms and great color palette. Perfect as a last-minute gift—got lots of compliments. Loved it overall, but I wish the description had a bit more detail.",2025-09-21T16:34:40Z
White Musk & Warm Vanilla Candle,Aurora,Williams,aurora.williams7@boxedwithlove.test,5,Ordered the White Musk & Warm Vanilla Candle for a cozy night in. The scent throw is strong but not overpowering. Great value for the price—felt thoughtfully curated. Would definitely order again.,2025-12-19T23:45:40Z
White Musk & Warm Vanilla Candle,Julian,Cruz,julian.cruz41@boxedwithlove.test,4,Ordered the White Musk & Warm Vanilla Candle for a cozy night in. The scent throw is strong but not overpowering. Packaging was pristine and felt premium.,2025-11-19T19:44:40Z
White Musk & Warm Vanilla Candle,Emma,Martin,emma.martin39@boxedwithlove.test,5,Got the White Musk & Warm Vanilla Candle for a housewarming gift. The scent throw is strong but not overpowering. Packaging was pristine and felt premium. Five stars.,2026-01-28T12:41:40Z
White Musk & Warm Vanilla Candle,Julian,Brown,julian.brown46@boxedwithlove.test,4,Bought the White Musk & Warm Vanilla Candle for a friend’s birthday. The jar looks luxe on a shelf—great gift. Perfect as a last-minute gift—got lots of compliments.,2025-11-13T03:06:40Z
White Musk & Warm Vanilla Candle,Miles,Young,miles.young40@boxedwithlove.test,5,Ordered the White Musk & Warm Vanilla Candle for a cozy night in. Burns evenly and the fragrance is cozy and clean. The presentation is gorgeous—super giftable without re-wrapping. Five stars.,2025-08-16T06:27:40Z
Gryffindor Scented Candle,Grace,Anderson,grace.anderson27@boxedwithlove.test,4,Got the Gryffindor Scented Candle for a housewarming gift. Burns evenly and the fragrance is cozy and clean. The presentation is gorgeous—super giftable without re-wrapping. Would definitely order again.,2026-02-21T11:26:40Z
Gryffindor Scented Candle,Luna,Martin,luna.martin60@boxedwithlove.test,5,Got the Gryffindor Scented Candle for a housewarming gift. The scent throw is strong but not overpowering. Packaging was pristine and felt premium.,2025-08-09T20:15:40Z
Gryffindor Scented Candle,Owen,Baker,owen.baker2@boxedwithlove.test,5,Tried the Gryffindor Scented Candle as a self-care treat. The jar looks luxe on a shelf—great gift. Everything looked even better in person.,2025-09-29T05:24:40Z
Gryffindor Scented Candle,Scarlett,Nelson,scarlett.nelson56@boxedwithlove.test,5,Sent the Gryffindor Scented Candle as a thank-you gift. The jar looks luxe on a shelf—great gift. Everything looked even better in person. Would definitely order again. Five stars.,2026-01-10T23:17:40Z
Gryffindor Scented Candle,Theo,Scott,theo.scott50@boxedwithlove.test,5,Sent the Gryffindor Scented Candle as a thank-you gift. The scent throw is strong but not overpowering. Great value for the price—felt thoughtfully curated. Five stars.,2025-07-04T10:03:40Z
Gryffindor Scented Candle,Layla,Green,layla.green52@boxedwithlove.test,5,Bought the Gryffindor Scented Candle for a friend’s birthday. The jar looks luxe on a shelf—great gift. Fast delivery and zero issues at checkout.,2025-07-26T19:43:40Z
Gryffindor Scented Candle,Theo,Phillips,theo.phillips24@boxedwithlove.test,4,Got the Gryffindor Scented Candle for a housewarming gift. The scent throw is strong but not overpowering. Perfect as a last-minute gift—got lots of compliments.,2026-01-03T10:12:40Z
Ivory Ribbed Pillar Candle Set,Ethan,Singh,ethan.singh3@boxedwithlove.test,5,Sent the Ivory Ribbed Pillar Candle Set as a thank-you gift. The scent throw is strong but not overpowering. The presentation is gorgeous—super giftable without re-wrapping. Would definitely order again.,2025-08-13T04:21:40Z
Ivory Ribbed Pillar Candle Set,James,Scott,james.scott26@boxedwithlove.test,4,Got the Ivory Ribbed Pillar Candle Set for a housewarming gift. Burns evenly and the fragrance is cozy and clean. Packaging was pristine and felt premium.,2025-10-05T04:34:40Z
Ivory Ribbed Pillar Candle Set,James,Parker,james.parker34@boxedwithlove.test,5,Picked the Ivory Ribbed Pillar Candle Set for Valentine’s week. Burns evenly and the fragrance is cozy and clean. Great value for the price—felt thoughtfully curated. Would definitely order again.,2025-11-20T10:51:40Z
Ivory Ribbed Pillar Candle Set,Liam,Wright,liam.wright11@boxedwithlove.test,5,Picked the Ivory Ribbed Pillar Candle Set for Valentine’s week. The scent throw is strong but not overpowering. Packaging was pristine and felt premium.,2025-10-31T05:34:40Z
Ivory Ribbed Pillar Candle Set,Benjamin,Nguyen,benjamin.nguyen25@boxedwithlove.test,4,Got the Ivory Ribbed Pillar Candle Set for a housewarming gift. The scent throw is strong but not overpowering. Fast delivery and zero issues at checkout. Would definitely order again.,2026-01-21T13:56:40Z
Ivory Ribbed Pillar Candle Set,Emma,Martin,emma.martin23@boxedwithlove.test,5,Picked the Ivory Ribbed Pillar Candle Set for Valentine’s week. Burns evenly and the fragrance is cozy and clean. Perfect as a last-minute gift—got lots of compliments. Five stars.,2026-01-20T22:24:40Z
The Boy Who Lived Soy Candle,Theo,Scott,theo.scott50@boxedwithlove.test,4,Bought the The Boy Who Lived Soy Candle for a friend’s birthday. The jar looks luxe on a shelf—great gift. Everything looked even better in person.,2025-09-18T01:39:40Z
The Boy Who Lived Soy Candle,Finn,Walker,finn.walker47@boxedwithlove.test,4,Got the The Boy Who Lived Soy Candle for a housewarming gift. The scent throw is strong but not overpowering. Everything looked even better in person. Would definitely order again.,2025-07-30T19:40:40Z
The Boy Who Lived Soy Candle,Aria,Hall,aria.hall33@boxedwithlove.test,4,Ordered the The Boy Who Lived Soy Candle for a cozy night in. The scent throw is strong but not overpowering. Packaging was pristine and felt premium.,2025-12-20T20:03:40Z
The Boy Who Lived Soy Candle,Ethan,Parker,ethan.parker6@boxedwithlove.test,4,Sent the The Boy Who Lived Soy Candle as a thank-you gift. Burns evenly and the fragrance is cozy and clean. Fast delivery and zero issues at checkout. Would definitely order again.,2025-07-02T10:10:40Z
The Boy Who Lived Soy Candle,Hazel,Nguyen,hazel.nguyen4@boxedwithlove.test,4,Sent the The Boy Who Lived Soy Candle as a thank-you gift. The jar looks luxe on a shelf—great gift. Perfect as a last-minute gift—got lots of compliments. Would definitely order again.,2026-02-13T19:12:40Z
The Boy Who Lived Soy Candle,Sofia,Roberts,sofia.roberts49@boxedwithlove.test,5,Tried the The Boy Who Lived Soy Candle as a self-care treat. The jar looks luxe on a shelf—great gift. Great value for the price—felt thoughtfully curated. Would definitely order again.,2025-08-04T17:16:40Z
The Boy Who Lived Soy Candle,Daniel,Baker,daniel.baker58@boxedwithlove.test,4,Ordered the The Boy Who Lived Soy Candle for a cozy night in. The scent throw is strong but not overpowering. The presentation is gorgeous—super giftable without re-wrapping.,2025-10-30T07:50:40Z
Thai Lime & Mango Candle,Owen,Patel,owen.patel17@boxedwithlove.test,4,Got the Thai Lime & Mango Candle for a housewarming gift. Burns evenly and the fragrance is cozy and clean. Great value for the price—felt thoughtfully curated.,2025-09-28T21:00:40Z
Thai Lime & Mango Candle,Carter,Anderson,carter.anderson35@boxedwithlove.test,5,Sent the Thai Lime & Mango Candle as a thank-you gift. The scent throw is strong but not overpowering. Fast delivery and zero issues at checkout. Would definitely order again.,2026-02-10T15:31:40Z
Thai Lime & Mango Candle,Julian,Cruz,julian.cruz41@boxedwithlove.test,5,Picked the Thai Lime & Mango Candle for Valentine’s week. Burns evenly and the fragrance is cozy and clean. The presentation is gorgeous—super giftable without re-wrapping.,2025-08-20T00:36:40Z
Thai Lime & Mango Candle,Liam,Kim,liam.kim55@boxedwithlove.test,5,Picked the Thai Lime & Mango Candle for Valentine’s week. The scent throw is strong but not overpowering. Great value for the price—felt thoughtfully curated.,2025-11-22T00:15:40Z
Thai Lime & Mango Candle,James,Scott,james.scott26@boxedwithlove.test,5,Bought the Thai Lime & Mango Candle for a friend’s birthday. The jar looks luxe on a shelf—great gift. The presentation is gorgeous—super giftable without re-wrapping. Would definitely order again. Five stars.,2025-11-24T16:17:40Z
Floral Lace Keepsake Journal,Carter,Anderson,carter.anderson35@boxedwithlove.test,5,Sent the Floral Lace Keepsake Journal as a thank-you gift. Great pairing with the other items—felt like a mini experience. Everything looked even better in person. Would definitely order again.,2025-08-25T20:55:40Z
Floral Lace Keepsake Journal,James,Patel,james.patel15@boxedwithlove.test,5,Ordered the Floral Lace Keepsake Journal for a cozy night in. The book choice was spot on and made the whole box feel personal. The presentation is gorgeous—super giftable without re-wrapping.,2026-02-20T23:42:40Z
Floral Lace Keepsake Journal,Grace,Anderson,grace.anderson27@boxedwithlove.test,4,Tried the Floral Lace Keepsake Journal as a self-care treat. Great pairing with the other items—felt like a mini experience. Perfect as a last-minute gift—got lots of compliments.,2025-09-21T08:37:40Z
Floral Lace Keepsake Journal,Jack,Singh,jack.singh38@boxedwithlove.test,5,Bought the Floral Lace Keepsake Journal for a friend’s birthday. The book choice was spot on and made the whole box feel personal. Packaging was pristine and felt premium. Would definitely order again. Five stars.,2026-01-06T18:13:40Z
Floral Lace Keepsake Journal,Amelia,Martin,amelia.martin20@boxedwithlove.test,5,Picked the Floral Lace Keepsake Journal for Valentine’s week. The book choice was spot on and made the whole box feel personal. Packaging was pristine and felt premium.,2026-01-17T12:11:40Z
Floral Lace Keepsake Journal,Sofia,Patel,sofia.patel57@boxedwithlove.test,5,Sent the Floral Lace Keepsake Journal as a thank-you gift. Great pairing with the other items—felt like a mini experience. Perfect as a last-minute gift—got lots of compliments. Five stars.,2025-09-15T23:27:40Z
Floral Lace Keepsake Journal,Mason,Walker,mason.walker9@boxedwithlove.test,4,Picked the Floral Lace Keepsake Journal for Valentine’s week. Great pairing with the other items—felt like a mini experience. The presentation is gorgeous—super giftable without re-wrapping. Would definitely order again.,2025-07-21T11:36:40Z
Modern Home Cookbook,Ethan,Parker,ethan.parker6@boxedwithlove.test,5,Ordered the Modern Home Cookbook for a cozy night in. The book choice was spot on and made the whole box feel personal. Packaging was pristine and felt premium.,2025-07-21T16:38:40Z
Modern Home Cookbook,Mia,Adams,mia.adams48@boxedwithlove.test,5,Picked the Modern Home Cookbook for Valentine’s week. Great pairing with the other items—felt like a mini experience. The presentation is gorgeous—super giftable without re-wrapping.,2025-06-30T19:18:40Z
Modern Home Cookbook,Luna,Martin,luna.martin42@boxedwithlove.test,4,Ordered the Modern Home Cookbook for a cozy night in. The book choice was spot on and made the whole box feel personal. Everything looked even better in person.,2025-07-22T02:11:40Z
Modern Home Cookbook,Sofia,Scott,sofia.scott29@boxedwithlove.test,3,"Ordered the Modern Home Cookbook for a cozy night in. Great pairing with the other items—felt like a mini experience. Everything looked even better in person. Beautiful set—one item was smaller than expected, but still worth it.",2025-09-22T17:59:40Z
Modern Home Cookbook,Mason,Patel,mason.patel12@boxedwithlove.test,3,Tried the Modern Home Cookbook as a self-care treat. Great pairing with the other items—felt like a mini experience. Fast delivery and zero issues at checkout. Great concept; would love more customization options in the future.,2026-02-22T00:56:40Z
Modern Home Cookbook,James,Patel,james.patel15@boxedwithlove.test,3,"Sent the Modern Home Cookbook as a thank-you gift. The book choice was spot on and made the whole box feel personal. Perfect as a last-minute gift—got lots of compliments. Beautiful set—one item was smaller than expected, but still worth it.",2025-11-14T05:46:40Z
Modern Home Cookbook,Aurora,Williams,aurora.williams7@boxedwithlove.test,5,Bought the Modern Home Cookbook for a friend’s birthday. The book choice was spot on and made the whole box feel personal. Everything looked even better in person. Would definitely order again. Five stars.,2025-06-30T20:01:40Z
Modern Home Cookbook,Owen,Patel,owen.patel17@boxedwithlove.test,3,"Sent the Modern Home Cookbook as a thank-you gift. The book choice was spot on and made the whole box feel personal. Packaging was pristine and felt premium. Loved it overall, but I wish the description had a bit more detail.",2025-08-29T04:43:40Z
Minimal Kraft Notebook,Hannah,Johnson,hannah.johnson45@boxedwithlove.test,4,Picked the Minimal Kraft Notebook for Valentine’s week. Great pairing with the other items—felt like a mini experience. Everything looked even better in person.,2026-02-06T02:59:40Z
Minimal Kraft Notebook,Hudson,Scott,hudson.scott5@boxedwithlove.test,5,Bought the Minimal Kraft Notebook for a friend’s birthday. The book choice was spot on and made the whole box feel personal. Everything looked even better in person. Would definitely order again.,2025-07-04T05:18:40Z
Minimal Kraft Notebook,Mia,Adams,mia.adams48@boxedwithlove.test,4,Bought the Minimal Kraft Notebook for a friend’s birthday. Great pairing with the other items—felt like a mini experience. Fast delivery and zero issues at checkout. Would definitely order again.,2025-08-04T05:10:40Z
Minimal Kraft Notebook,Ethan,Singh,ethan.singh3@boxedwithlove.test,5,Ordered the Minimal Kraft Notebook for a cozy night in. Great pairing with the other items—felt like a mini experience. Fast delivery and zero issues at checkout. Would definitely order again.,2025-12-12T23:38:40Z
Minimal Kraft Notebook,Liam,Kim,liam.kim55@boxedwithlove.test,4,Picked the Minimal Kraft Notebook for Valentine’s week. Great pairing with the other items—felt like a mini experience. Perfect as a last-minute gift—got lots of compliments.,2025-12-11T05:36:40Z
Lavender Reading Paperback,Aria,Lopez,aria.lopez51@boxedwithlove.test,4,Tried the Lavender Reading Paperback as a self-care treat. Great pairing with the other items—felt like a mini experience. Fast delivery and zero issues at checkout. Would definitely order again.,2025-10-01T18:38:40Z
Lavender Reading Paperback,Grace,Anderson,grace.anderson27@boxedwithlove.test,4,Ordered the Lavender Reading Paperback for a cozy night in. The book choice was spot on and made the whole box feel personal. Perfect as a last-minute gift—got lots of compliments. Would definitely order again.,2026-02-22T09:11:40Z
Lavender Reading Paperback,Owen,Baker,owen.baker2@boxedwithlove.test,5,Ordered the Lavender Reading Paperback for a cozy night in. The book choice was spot on and made the whole box feel personal. Packaging was pristine and felt premium.,2025-08-03T19:52:40Z
Lavender Reading Paperback,Chloe,Wright,chloe.wright28@boxedwithlove.test,4,Sent the Lavender Reading Paperback as a thank-you gift. Great pairing with the other items—felt like a mini experience. Perfect as a last-minute gift—got lots of compliments. Would definitely order again.,2025-12-30T03:09:40Z
Lavender Reading Paperback,James,Parker,james.parker34@boxedwithlove.test,5,Bought the Lavender Reading Paperback for a friend’s birthday. The book choice was spot on and made the whole box feel personal. The presentation is gorgeous—super giftable without re-wrapping.,2025-10-02T21:43:40Z
Classic Teddy Bear Plush,Emma,Martin,emma.martin23@boxedwithlove.test,4,Sent the Classic Teddy Bear Plush as a thank-you gift. Fun and well-made—perfect for gifting. Great value for the price—felt thoughtfully curated. Would definitely order again.,2025-11-05T07:51:40Z
Classic Teddy Bear Plush,Aurora,Williams,aurora.williams7@boxedwithlove.test,5,Sent the Classic Teddy Bear Plush as a thank-you gift. Fun and well-made—perfect for gifting. Fast delivery and zero issues at checkout.,2025-08-14T05:42:40Z
Classic Teddy Bear Plush,James,Scott,james.scott26@boxedwithlove.test,5,Sent the Classic Teddy Bear Plush as a thank-you gift. Cute idea and surprisingly good quality for a small add-on. Perfect as a last-minute gift—got lots of compliments.,2025-10-04T02:03:40Z
Classic Teddy Bear Plush,Daniel,Baker,daniel.baker58@boxedwithlove.test,5,Ordered the Classic Teddy Bear Plush for a cozy night in. Cute idea and surprisingly good quality for a small add-on. The presentation is gorgeous—super giftable without re-wrapping. Five stars.,2025-10-27T04:27:40Z
Classic Teddy Bear Plush,Mia,Adams,mia.adams48@boxedwithlove.test,4,Ordered the Classic Teddy Bear Plush for a cozy night in. Fun and well-made—perfect for gifting. Great value for the price—felt thoughtfully curated.,2025-07-26T06:14:40Z
Classic Teddy Bear Plush,Ethan,Parker,ethan.parker6@boxedwithlove.test,4,Ordered the Classic Teddy Bear Plush for a cozy night in. Fun and well-made—perfect for gifting. The presentation is gorgeous—super giftable without re-wrapping.,2025-11-25T20:08:40Z
Classic Teddy Bear Plush,Chloe,Wright,chloe.wright28@boxedwithlove.test,5,Tried the Classic Teddy Bear Plush as a self-care treat. Fun and well-made—perfect for gifting. Great value for the price—felt thoughtfully curated. Five stars.,2025-09-07T22:11:40Z
Coral Octopus Plush,Sofia,Garcia,sofia.garcia10@boxedwithlove.test,5,Sent the Coral Octopus Plush as a thank-you gift. Fun and well-made—perfect for gifting. Great value for the price—felt thoughtfully curated.,2026-02-19T12:29:40Z
Coral Octopus Plush,Luna,Martin,luna.martin60@boxedwithlove.test,4,Tried the Coral Octopus Plush as a self-care treat. Fun and well-made—perfect for gifting. Perfect as a last-minute gift—got lots of compliments. Would definitely order again.,2026-02-17T21:07:40Z
Coral Octopus Plush,Aria,Lopez,aria.lopez51@boxedwithlove.test,4,Tried the Coral Octopus Plush as a self-care treat. Cute idea and surprisingly good quality for a small add-on. Packaging was pristine and felt premium. Would definitely order again.,2025-07-19T11:39:40Z
Coral Octopus Plush,Amelia,Martin,amelia.martin20@boxedwithlove.test,4,Tried the Coral Octopus Plush as a self-care treat. Cute idea and surprisingly good quality for a small add-on. Everything looked even better in person.,2025-07-12T04:39:40Z
Coral Octopus Plush,Finn,Walker,finn.walker47@boxedwithlove.test,4,Sent the Coral Octopus Plush as a thank-you gift. Fun and well-made—perfect for gifting. The presentation is gorgeous—super giftable without re-wrapping.,2025-10-29T12:03:40Z
Coral Octopus Plush,Sofia,Patel,sofia.patel57@boxedwithlove.test,5,Sent the Coral Octopus Plush as a thank-you gift. Fun and well-made—perfect for gifting. Fast delivery and zero issues at checkout.,2025-09-14T20:07:40Z
Coral Octopus Plush,Chloe,Wright,chloe.wright28@boxedwithlove.test,4,Bought the Coral Octopus Plush for a friend’s birthday. Cute idea and surprisingly good quality for a small add-on. Fast delivery and zero issues at checkout.,2025-11-10T08:40:40Z
Coral Octopus Plush,Ella,Patel,ella.patel18@boxedwithlove.test,4,Ordered the Coral Octopus Plush for a cozy night in. Fun and well-made—perfect for gifting. The presentation is gorgeous—super giftable without re-wrapping.,2025-11-15T09:25:40Z
Stitch Plush Buddy,Ethan,Singh,ethan.singh3@boxedwithlove.test,4,Ordered the Stitch Plush Buddy for a cozy night in. Fun and well-made—perfect for gifting. Perfect as a last-minute gift—got lots of compliments. Would definitely order again.,2025-09-28T10:49:40Z
Stitch Plush Buddy,Owen,Patel,owen.patel17@boxedwithlove.test,5,Bought the Stitch Plush Buddy for a friend’s birthday. Cute idea and surprisingly good quality for a small add-on. Perfect as a last-minute gift—got lots of compliments.,2025-10-12T14:57:40Z
Stitch Plush Buddy,Carter,Anderson,carter.anderson35@boxedwithlove.test,4,Tried the Stitch Plush Buddy as a self-care treat. Cute idea and surprisingly good quality for a small add-on. Everything looked even better in person. Would definitely order again.,2025-10-14T21:37:40Z
Stitch Plush Buddy,Ella,Baker,ella.baker14@boxedwithlove.test,3,"Ordered the Stitch Plush Buddy for a cozy night in. Cute idea and surprisingly good quality for a small add-on. The presentation is gorgeous—super giftable without re-wrapping. Loved it overall, but I wish the description had a bit more detail.",2025-12-14T12:58:40Z
Stitch Plush Buddy,Liam,Wright,liam.wright11@boxedwithlove.test,5,Got the Stitch Plush Buddy for a housewarming gift. Fun and well-made—perfect for gifting. Fast delivery and zero issues at checkout.,2025-09-27T17:17:40Z
Snuggly Bunny Plush,Amelia,Martin,amelia.martin20@boxedwithlove.test,3,"Sent the Snuggly Bunny Plush as a thank-you gift. Cute idea and surprisingly good quality for a small add-on. Everything looked even better in person. Loved it overall, but I wish the description had a bit more detail.",2025-06-30T22:32:40Z
Snuggly Bunny Plush,Mia,Adams,mia.adams48@boxedwithlove.test,4,Tried the Snuggly Bunny Plush as a self-care treat. Fun and well-made—perfect for gifting. Fast delivery and zero issues at checkout.,2025-12-27T21:01:40Z
Snuggly Bunny Plush,James,Scott,james.scott26@boxedwithlove.test,4,Ordered the Snuggly Bunny Plush for a cozy night in. Cute idea and surprisingly good quality for a small add-on. Fast delivery and zero issues at checkout.,2025-09-09T20:34:40Z
Snuggly Bunny Plush,James,Parker,james.parker34@boxedwithlove.test,4,Ordered the Snuggly Bunny Plush for a cozy night in. Cute idea and surprisingly good quality for a small add-on. Everything looked even better in person.,2025-08-31T16:56:40Z
Snuggly Bunny Plush,James,Patel,james.patel15@boxedwithlove.test,4,Tried the Snuggly Bunny Plush as a self-care treat. Cute idea and surprisingly good quality for a small add-on. Packaging was pristine and felt premium.,2025-11-23T17:42:40Z
Snuggly Bunny Plush,Layla,Green,layla.green52@boxedwithlove.test,5,Got the Snuggly Bunny Plush for a housewarming gift. Cute idea and surprisingly good quality for a small add-on. Fast delivery and zero issues at checkout. Five stars.,2025-07-08T14:14:40Z
Penguin Plush Pal,Liam,Kim,liam.kim55@boxedwithlove.test,4,Ordered the Penguin Plush Pal for a cozy night in. Fun and well-made—perfect for gifting. Perfect as a last-minute gift—got lots of compliments.,2026-02-19T04:23:40Z
Penguin Plush Pal,Benjamin,Nguyen,benjamin.nguyen25@boxedwithlove.test,5,Ordered the Penguin Plush Pal for a cozy night in. Fun and well-made—perfect for gifting. The presentation is gorgeous—super giftable without re-wrapping. Would definitely order again. Five stars.,2026-01-17T18:12:40Z
Penguin Plush Pal,Hazel,Nguyen,hazel.nguyen4@boxedwithlove.test,4,Sent the Penguin Plush Pal as a thank-you gift. Cute idea and surprisingly good quality for a small add-on. Everything looked even better in person.,2025-08-04T08:13:40Z
Penguin Plush Pal,Ethan,Parker,ethan.parker6@boxedwithlove.test,4,Picked the Penguin Plush Pal for Valentine’s week. Fun and well-made—perfect for gifting. The presentation is gorgeous—super giftable without re-wrapping.,2025-07-23T16:11:40Z
Penguin Plush Pal,Finn,Scott,finn.scott53@boxedwithlove.test,5,Bought the Penguin Plush Pal for a friend’s birthday. Fun and well-made—perfect for gifting. Perfect as a last-minute gift—got lots of compliments.,2025-07-12T21:48:40Z
Penguin Plush Pal,Benjamin,Nelson,benjamin.nelson37@boxedwithlove.test,5,Sent the Penguin Plush Pal as a thank-you gift. Cute idea and surprisingly good quality for a small add-on. Everything looked even better in person.,2025-10-22T10:26:40Z
Penguin Plush Pal,Hannah,Brown,hannah.brown21@boxedwithlove.test,5,Got the Penguin Plush Pal for a housewarming gift. Cute idea and surprisingly good quality for a small add-on. Everything looked even better in person. Would definitely order again.,2025-08-19T01:13:40Z
